name,well,sequence,order_sequence,handle,guest,length,tm_C,gc,max_run,repeats,hairpin,crossovers,offtarget,scaffold_start,scaffold_end
tetrahedron-st000,A1,GTAACGCCAGGGTTTTCCCAGTCACGACGTTG,GTAACGCCAGGGTTTTCCCAGTCACGACGTTG,,,32,67.44,0.562,4,0,0,0,0,724,756
tetrahedron-st001,B1,TAAAACGACGGCCAGTGCCAAGCTTGCATGCCTGCAGGTCGA,TAAAACGACGGCCAGTGCCAAGCTTGCATGCCTGCAGGTCGA,,,42,74.6,0.571,4,0,0,1,0,682,724
tetrahedron-st002,C1,CTCTAGAGGATCCCCGGGTACCGAGCTCGAATTCGTAAT,CTCTAGAGGATCCCCGGGTACCGAGCTCGAATTCGTAAT,,,39,68.56,0.538,4,0,0,0,0,643,682
tetrahedron-st003,D1,CATGGTCATAGCTGTTTCCTGTGTGAAATTGTTATCCGCT,CATGGTCATAGCTGTTTCCTGTGTGAAATTGTTATCCGCT,,,40,64.16,0.425,3,0,0,1,0,603,643
tetrahedron-st004,E1,CACAATTCCACACAACATACGAGCCGGAAGCA,CACAATTCCACACAACATACGAGCCGGAAGCA,,,32,65.14,0.5,2,0,0,0,0,571,603
tetrahedron-st005,F1,TAAAGTGTAAAGCCTGGGGTGCCTAATGAGTGAGCTAACT,TAAAGTGTAAAGCCTGGGGTGCCTAATGAGTGAGCTAACT,,,40,65.7,0.45,4,0,0,1,0,531,571
tetrahedron-st006,G1,CACATTAATTGCGTTGCGCTCACTGCCCGCTTTCCAGTCG,CACATTAATTGCGTTGCGCTCACTGCCCGCTTTCCAGTCG,,,40,71.16,0.55,3,0,0,1,0,491,531
tetrahedron-st007,H1,GGAAACCTGTCGTGCCAGCTGCATTAATGAATCGGCCAACGC,GGAAACCTGTCGTGCCAGCTGCATTAATGAATCGGCCAACGC,,,42,71.76,0.548,3,0,0,0,0,449,491
tetrahedron-st008,A2,GCGGGGAGAGGCGGTTTGCGTATTGGGCGCCAG,GCGGGGAGAGGCGGTTTGCGTATTGGGCGCCAG,,,33,76.2,0.697,4,0,0,1,0,416,449
tetrahedron-st009,B2,GGTGGTTTTTCTTTTCACCAGTGAGACGGGCAACAG,GGTGGTTTTTCTTTTCACCAGTGAGACGGGCAACAG,,,36,66.36,0.5,5,0,0,0,0,380,416
tetrahedron-st010,C2,CTGATTGCCCTTCACCGCCTGGCCCTGAGAGAGTTGCAGC,CTGATTGCCCTTCACCGCCTGGCCCTGAGAGAGTTGCAGC,,,40,74.9,0.625,3,0,0,1,0,340,380
tetrahedron-st011,D2,AAGCGGTCCACGCTGGTTTGCCCCAGCAGGCGAAAATCCTG,AAGCGGTCCACGCTGGTTTGCCCCAGCAGGCGAAAATCCTG,,,41,75.89,0.61,4,0,1,1,0,299,340
tetrahedron-st012,E2,TTTGATGGTGGTTCCGAAATCGGCAAAATCCCTTATAAATC,TTTGATGGTGGTTCCGAAATCGGCAAAATCCCTTATAAATC,,,41,62.82,0.39,4,0,0,0,7,258,299
tetrahedron-st013,F2,AAAAGAATAGCCCGAGATAGGGTTGAGTGTTGTTCCAG,AAAAGAATAGCCCGAGATAGGGTTGAGTGTTGTTCCAG,,,38,64.09,0.447,4,0,0,1,9,220,258
tetrahedron-st014,G2,TTTGGAACAAGAGTCCACTATTAAAGAACGTGG,TTTGGAACAAGAGTCCACTATTAAAGAACGTGG,,,33,58.96,0.394,3,0,0,1,0,187,220
tetrahedron-st015,H2,ACTCCAACGTCAAAGGGCGAAAAACCGTCTATCAG,ACTCCAACGTCAAAGGGCGAAAAACCGTCTATCAG,,,35,65.4,0.486,5,0,0,0,0,152,187
tetrahedron-st016,A3,GGCGATGGCCCACTACGTGAACCATCACCCAAATCAAGTT,GGCGATGGCCCACTACGTGAACCATCACCCAAATCAAGTT,,,40,70.1,0.525,3,0,1,1,14,112,152
tetrahedron-st017,B3,TTTTGGGGTCGAGGTGCCGTAAAGCACTAAATCGGAACC,TTTTGGGGTCGAGGTGCCGTAAAGCACTAAATCGGAACC,,,39,68.82,0.513,4,0,0,0,1,73,112
tetrahedron-st018,C3,CTAAAGGGAGCCCCCGATTTAGAGCTTGACGG,CTAAAGGGAGCCCCCGATTTAGAGCTTGACGG,,,32,66.64,0.562,5,0,1,1,0,41,73
tetrahedron-st019,D3,GGAAAGCCGGCGAACGTGGCGAGAAAGGAAGGGAAATTGTG,GGAAAGCCGGCGAACGTGGCGAGAAAGGAAGGGAAATTGTG,,,41,71.93,0.561,3,0,0,0,0,0,41
